ProteinName,ProteinSequence,PeptideSequence,PeptideModifiedSequence
YAL038W,MSRLERLTSLNVVAGSDLRRTSIIGTIGPKTNNPETLVALRKAGLNIVRMNFSHGSYEYHKSVIDNARKSEELYPGRPLAIALDTKGPEIRTGTTTNDVDYPIPPNHEMIFTTDDKYAKACDDKIMYVDYKNITKVISAGRIIYVDDGVLSFQVLEVVDDKTLKVKALNAGKICSHKGVNLPGTDVDLPALSEKDKEDLRFGVKNGVHMVFASFIRTANDVLTIREVLGEQGKDVKIIVKIENQQGVNNFDEILKVTDGVMVARGDLGIEIPAPEVLAVQKKLIAKSNLAGKPVICATQMLESMTYNPRPTRAEVSDVGNAILDGADCVMLSGETAKGNYPINAVTTMAETAVIAEQAIAYLPNYDDMRNCTPKPTSTTETVAASAVAAVFEQKAKAIIVLSTSGTTPRLVSKYRPNCPIILVTRCPRAARFSHLYRGVFPFVFEKEPVSDWTDDVEARINFGIEKAKEFGILKKGDTYVSIQGFKAGAGHSNTLQVSTV,LTSLNVVAGSDLR,LTSLNVVAGSDLR
YAL038W,MSRLERLTSLNVVAGSDLRRTSIIGTIGPKTNNPETLVALRKAGLNIVRMNFSHGSYEYHKSVIDNARKSEELYPGRPLAIALDTKGPEIRTGTTTNDVDYPIPPNHEMIFTTDDKYAKACDDKIMYVDYKNITKVISAGRIIYVDDGVLSFQVLEVVDDKTLKVKALNAGKICSHKGVNLPGTDVDLPALSEKDKEDLRFGVKNGVHMVFASFIRTANDVLTIREVLGEQGKDVKIIVKIENQQGVNNFDEILKVTDGVMVARGDLGIEIPAPEVLAVQKKLIAKSNLAGKPVICATQMLESMTYNPRPTRAEVSDVGNAILDGADCVMLSGETAKGNYPINAVTTMAETAVIAEQAIAYLPNYDDMRNCTPKPTSTTETVAASAVAAVFEQKAKAIIVLSTSGTTPRLVSKYRPNCPIILVTRCPRAARFSHLYRGVFPFVFEKEPVSDWTDDVEARINFGIEKAKEFGILKKGDTYVSIQGFKAGAGHSNTLQVSTV,TNNPETLVALR,TNNPETLVALR
YAL038W,MSRLERLTSLNVVAGSDLRRTSIIGTIGPKTNNPETLVALRKAGLNIVRMNFSHGSYEYHKSVIDNARKSEELYPGRPLAIALDTKGPEIRTGTTTNDVDYPIPPNHEMIFTTDDKYAKACDDKIMYVDYKNITKVISAGRIIYVDDGVLSFQVLEVVDDKTLKVKALNAGKICSHKGVNLPGTDVDLPALSEKDKEDLRFGVKNGVHMVFASFIRTANDVLTIREVLGEQGKDVKIIVKIENQQGVNNFDEILKVTDGVMVARGDLGIEIPAPEVLAVQKKLIAKSNLAGKPVICATQMLESMTYNPRPTRAEVSDVGNAILDGADCVMLSGETAKGNYPINAVTTMAETAVIAEQAIAYLPNYDDMRNCTPKPTSTTETVAASAVAAVFEQKAKAIIVLSTSGTTPRLVSKYRPNCPIILVTRCPRAARFSHLYRGVFPFVFEKEPVSDWTDDVEARINFGIEKAKEFGILKKGDTYVSIQGFKAGAGHSNTLQVSTV,GVNLPGTDVDLPALSEK,GVNLPGTDVDLPALSEK
YAL038W,MSRLERLTSLNVVAGSDLRRTSIIGTIGPKTNNPETLVALRKAGLNIVRMNFSHGSYEYHKSVIDNARKSEELYPGRPLAIALDTKGPEIRTGTTTNDVDYPIPPNHEMIFTTDDKYAKACDDKIMYVDYKNITKVISAGRIIYVDDGVLSFQVLEVVDDKTLKVKALNAGKICSHKGVNLPGTDVDLPALSEKDKEDLRFGVKNGVHMVFASFIRTANDVLTIREVLGEQGKDVKIIVKIENQQGVNNFDEILKVTDGVMVARGDLGIEIPAPEVLAVQKKLIAKSNLAGKPVICATQMLESMTYNPRPTRAEVSDVGNAILDGADCVMLSGETAKGNYPINAVTTMAETAVIAEQAIAYLPNYDDMRNCTPKPTSTTETVAASAVAAVFEQKAKAIIVLSTSGTTPRLVSKYRPNCPIILVTRCPRAARFSHLYRGVFPFVFEKEPVSDWTDDVEARINFGIEKAKEFGILKKGDTYVSIQGFKAGAGHSNTLQVSTV,TANDVLTIR,TANDVLTIR
YAL038W,MSRLERLTSLNVVAGSDLRRTSIIGTIGPKTNNPETLVALRKAGLNIVRMNFSHGSYEYHKSVIDNARKSEELYPGRPLAIALDTKGPEIRTGTTTNDVDYPIPPNHEMIFTTDDKYAKACDDKIMYVDYKNITKVISAGRIIYVDDGVLSFQVLEVVDDKTLKVKALNAGKICSHKGVNLPGTDVDLPALSEKDKEDLRFGVKNGVHMVFASFIRTANDVLTIREVLGEQGKDVKIIVKIENQQGVNNFDEILKVTDGVMVARGDLGIEIPAPEVLAVQKKLIAKSNLAGKPVICATQMLESMTYNPRPTRAEVSDVGNAILDGADCVMLSGETAKGNYPINAVTTMAETAVIAEQAIAYLPNYDDMRNCTPKPTSTTETVAASAVAAVFEQKAKAIIVLSTSGTTPRLVSKYRPNCPIILVTRCPRAARFSHLYRGVFPFVFEKEPVSDWTDDVEARINFGIEKAKEFGILKKGDTYVSIQGFKAGAGHSNTLQVSTV,GDLGIEIPAPEVLAVQK,GDLGIEIPAPEVLAVQK
YAL038W,MSRLERLTSLNVVAGSDLRRTSIIGTIGPKTNNPETLVALRKAGLNIVRMNFSHGSYEYHKSVIDNARKSEELYPGRPLAIALDTKGPEIRTGTTTNDVDYPIPPNHEMIFTTDDKYAKACDDKIMYVDYKNITKVISAGRIIYVDDGVLSFQVLEVVDDKTLKVKALNAGKICSHKGVNLPGTDVDLPALSEKDKEDLRFGVKNGVHMVFASFIRTANDVLTIREVLGEQGKDVKIIVKIENQQGVNNFDEILKVTDGVMVARGDLGIEIPAPEVLAVQKKLIAKSNLAGKPVICATQMLESMTYNPRPTRAEVSDVGNAILDGADCVMLSGETAKGNYPINAVTTMAETAVIAEQAIAYLPNYDDMRNCTPKPTSTTETVAASAVAAVFEQKAKAIIVLSTSGTTPRLVSKYRPNCPIILVTRCPRAARFSHLYRGVFPFVFEKEPVSDWTDDVEARINFGIEKAKEFGILKKGDTYVSIQGFKAGAGHSNTLQVSTV,EPVSDWTDDVEAR,EPVSDWTDDVEAR
YCR012W,MSLSSKLSVQDLDLKDKRVFIRVDFNVPLDGKKITSNQRIVAALPTIKYVLEHHPRYVVLASHLGRPNGERNEKYSLAPVAKELQSLLGKDVTFLNDCVGPEVEAAVKASAPGSVILLENLRYHIEEEGSRKVDGQKVKASKEDVQKFRHELSSLADVYINDAFGTAHRAHSSMVGFDLPQRAAGFLLEKELKYFGKALENPTRPFLAILGGAKVADKIQLIDNLLDKVDSIIIGGGMAFTFKKVLENTEIGDSIFDKAGAEIVPKLMEKAKAKGVEVVLPVDFIIADAFSADANTKTVTDKEGIPAGWQGLDNGPESRKLFAATVAKAKTIVWNGPPGVFEFEKFAAGTKALLDEVVKSSAAGNTVIIGGGDTATVAKKYGVTDKISHVSTGGGASLELLEGKELPGVAFLSEKK,LSVQDLDLK,LSVQDLDLK
YCR012W,MSLSSKLSVQDLDLKDKRVFIRVDFNVPLDGKKITSNQRIVAALPTIKYVLEHHPRYVVLASHLGRPNGERNEKYSLAPVAKELQSLLGKDVTFLNDCVGPEVEAAVKASAPGSVILLENLRYHIEEEGSRKVDGQKVKASKEDVQKFRHELSSLADVYINDAFGTAHRAHSSMVGFDLPQRAAGFLLEKELKYFGKALENPTRPFLAILGGAKVADKIQLIDNLLDKVDSIIIGGGMAFTFKKVLENTEIGDSIFDKAGAEIVPKLMEKAKAKGVEVVLPVDFIIADAFSADANTKTVTDKEGIPAGWQGLDNGPESRKLFAATVAKAKTIVWNGPPGVFEFEKFAAGTKALLDEVVKSSAAGNTVIIGGGDTATVAKKYGVTDKISHVSTGGGASLELLEGKELPGVAFLSEKK,VDFNVPLDGK,VDFNVPLDGK
YCR012W,MSLSSKLSVQDLDLKDKRVFIRVDFNVPLDGKKITSNQRIVAALPTIKYVLEHHPRYVVLASHLGRPNGERNEKYSLAPVAKELQSLLGKDVTFLNDCVGPEVEAAVKASAPGSVILLENLRYHIEEEGSRKVDGQKVKASKEDVQKFRHELSSLADVYINDAFGTAHRAHSSMVGFDLPQRAAGFLLEKELKYFGKALENPTRPFLAILGGAKVADKIQLIDNLLDKVDSIIIGGGMAFTFKKVLENTEIGDSIFDKAGAEIVPKLMEKAKAKGVEVVLPVDFIIADAFSADANTKTVTDKEGIPAGWQGLDNGPESRKLFAATVAKAKTIVWNGPPGVFEFEKFAAGTKALLDEVVKSSAAGNTVIIGGGDTATVAKKYGVTDKISHVSTGGGASLELLEGKELPGVAFLSEKK,ASAPGSVILLENLR,ASAPGSVILLENLR
YCR012W,MSLSSKLSVQDLDLKDKRVFIRVDFNVPLDGKKITSNQRIVAALPTIKYVLEHHPRYVVLASHLGRPNGERNEKYSLAPVAKELQSLLGKDVTFLNDCVGPEVEAAVKASAPGSVILLENLRYHIEEEGSRKVDGQKVKASKEDVQKFRHELSSLADVYINDAFGTAHRAHSSMVGFDLPQRAAGFLLEKELKYFGKALENPTRPFLAILGGAKVADKIQLIDNLLDKVDSIIIGGGMAFTFKKVLENTEIGDSIFDKAGAEIVPKLMEKAKAKGVEVVLPVDFIIADAFSADANTKTVTDKEGIPAGWQGLDNGPESRKLFAATVAKAKTIVWNGPPGVFEFEKFAAGTKALLDEVVKSSAAGNTVIIGGGDTATVAKKYGVTDKISHVSTGGGASLELLEGKELPGVAFLSEKK,YHIEEEGSR,YHIEEEGSR
YCR012W,MSLSSKLSVQDLDLKDKRVFIRVDFNVPLDGKKITSNQRIVAALPTIKYVLEHHPRYVVLASHLGRPNGERNEKYSLAPVAKELQSLLGKDVTFLNDCVGPEVEAAVKASAPGSVILLENLRYHIEEEGSRKVDGQKVKASKEDVQKFRHELSSLADVYINDAFGTAHRAHSSMVGFDLPQRAAGFLLEKELKYFGKALENPTRPFLAILGGAKVADKIQLIDNLLDKVDSIIIGGGMAFTFKKVLENTEIGDSIFDKAGAEIVPKLMEKAKAKGVEVVLPVDFIIADAFSADANTKTVTDKEGIPAGWQGLDNGPESRKLFAATVAKAKTIVWNGPPGVFEFEKFAAGTKALLDEVVKSSAAGNTVIIGGGDTATVAKKYGVTDKISHVSTGGGASLELLEGKELPGVAFLSEKK,ELPGVAFLSEK,ELPGVAFLSEK
YOR332W,MSSAITALTPNQVNDELNKMQAFIRKEAEEKAKEIQLKADQEYEIEKTNIVRNETNNIDGNFKSKLKKAMLSQQITKSTIANKMRLKVLSAREQSLDGIFEETKEKLSGIANNRDEYKPILQSLIVEALLKLLEPKAIVKALERDVDLIESMKDDIMREYGEKAQRAPLEEIVISNDYLNKDLVSGGVVVSNASDKIEINNTLEERLKLLSEEALPAIRLELYGPSKTRKFFD,LLSEEALPAIR,LLSEEALPAIR
YLR340W,MGGIREKKAEYFAKLREYLEEYKSLFVVGVDNVSSQQMHEVRKELRGRAVVLMGKNTMVRRAIRGFLSDLPDFEKLLPFVKGNVGFVFTNEPLTEIKNVIVSNRVAAPARAGAVAPEDIWVRAVNTGMEPGKTSFFQALGVPTKIARGTIEIVSDVKVVDAGNKVGQSEASLLNLLNISPFTFGLTVVQVYDNGQVFPSSILDITDEELVSHFVSAVSTIASISLAIGYPTLPSVGHTLINNYKDLLAVAIAASYHYPEIEDLVDRIENPEKYAAAAPAATSAASGDAAPAEEAAAEEEEESDDDMGFGLFD,GFLSDLPDFEK,GFLSDLPDFEK
YLR340W,MGGIREKKAEYFAKLREYLEEYKSLFVVGVDNVSSQQMHEVRKELRGRAVVLMGKNTMVRRAIRGFLSDLPDFEKLLPFVKGNVGFVFTNEPLTEIKNVIVSNRVAAPARAGAVAPEDIWVRAVNTGMEPGKTSFFQALGVPTKIARGTIEIVSDVKVVDAGNKVGQSEASLLNLLNISPFTFGLTVVQVYDNGQVFPSSILDITDEELVSHFVSAVSTIASISLAIGYPTLPSVGHTLINNYKDLLAVAIAASYHYPEIEDLVDRIENPEKYAAAAPAATSAASGDAAPAEEAAAEEEEESDDDMGFGLFD,GNVGFVFTNEPLTEIK,GNVGFVFTNEPLTEIK
YLR340W,MGGIREKKAEYFAKLREYLEEYKSLFVVGVDNVSSQQMHEVRKELRGRAVVLMGKNTMVRRAIRGFLSDLPDFEKLLPFVKGNVGFVFTNEPLTEIKNVIVSNRVAAPARAGAVAPEDIWVRAVNTGMEPGKTSFFQALGVPTKIARGTIEIVSDVKVVDAGNKVGQSEASLLNLLNISPFTFGLTVVQVYDNGQVFPSSILDITDEELVSHFVSAVSTIASISLAIGYPTLPSVGHTLINNYKDLLAVAIAASYHYPEIEDLVDRIENPEKYAAAAPAATSAASGDAAPAEEAAAEEEEESDDDMGFGLFD,AGAVAPEDIWVR,AGAVAPEDIWVR
S rerdci,MSDSQQSIKVLEELFQKLSVATADNRHEIASEVASFLNGNIIEHDVPEHFFGELAKGIKDKKTAANAMQAVAHIANQSNLSPSVEPYIVQLVPAICTNAGNKDKEIQSVASETLISIVNAVNPVAIKALLPHLTNAIVETNKWQEKIAILAAISAMVDAAKDQVALRMPELIPVLSETMWDTKKEVKAAATAAMTKATETVDNKDIERFIPSLIQCIADPTEVPETVHLLGATTFVAEVTPATLSIMVPLLSRGLNERETGIKRKSAVIIDNMCKLVEDPQVIAPFLGKLLPGLKSNFATIADPEAREVTLRALKTLRRVGNVGEDDAIPEVSHAGDVSTTLQVVNELLKDETVAPRFKIVVEYIAAIGADLIDERIIDQQAWFTHITPYMTIFLHEKKAKDILDEFRKRAVDNIPVGPNFDDEEDEGEDLCNCEFSLAYGAKILLNKTQLRLKRARRYGICGPNGCGKSTLMRAIANGQVDGFPTQEECRTVYVEHDIDGTHSDTSVLDFVFESGVGTKEAIKDKLIEFGFTDEMIAMPISALSGGWKMKLALARAVLRNADILLLDEPTNHLDTVNVAWLVNYLNTCGITSITISHDSVFLDNVCEYIINYEGLKLRKYKGNFTEFVKKCPAAKAYEELSNTDLEFKFPEPGYLEGVKTKQKAIVKVTNMEFQYPGTSKPQITDINFQCSLSSRIAVIGPNGAGKSTLINVLTGELLPTSGEVYTHENCRIAYIKQHAFAHIESHLDKTPSEYIQWRFQTGEDRETMDRANRQINENDAEAMNKIFKIEGTPRRIAGIHSRRKFKNTYEYECSFLLGENIGMKSERWVPMMSVDNAWIPRGELVESHSKMVAEVDMKEALASGQFRPLTRKEIEEHCSMLGLDPEIVSHSRIRGLSGGQKVKLVLAAGTWQRPHLIVLDEPTNYLDRDSLGALSKALKEFEGGVIIITHSAEFTKNLTEEVWAVKDGRMTPSGHNWVSGQGAGPRIEKKEDEEDKFDAMGNKIAGGKKKKKLSSAELRKKKKERMKKKKELGDAYVSSDEEF,LVEDPQVIAPFLGK,LVEDPQVIAPFLGK
S rerdci,MSDSQQSIKVLEELFQKLSVATADNRHEIASEVASFLNGNIIEHDVPEHFFGELAKGIKDKKTAANAMQAVAHIANQSNLSPSVEPYIVQLVPAICTNAGNKDKEIQSVASETLISIVNAVNPVAIKALLPHLTNAIVETNKWQEKIAILAAISAMVDAAKDQVALRMPELIPVLSETMWDTKKEVKAAATAAMTKATETVDNKDIERFIPSLIQCIADPTEVPETVHLLGATTFVAEVTPATLSIMVPLLSRGLNERETGIKRKSAVIIDNMCKLVEDPQVIAPFLGKLLPGLKSNFATIADPEAREVTLRALKTLRRVGNVGEDDAIPEVSHAGDVSTTLQVVNELLKDETVAPRFKIVVEYIAAIGADLIDERIIDQQAWFTHITPYMTIFLHEKKAKDILDEFRKRAVDNIPVGPNFDDEEDEGEDLCNCEFSLAYGAKILLNKTQLRLKRARRYGICGPNGCGKSTLMRAIANGQVDGFPTQEECRTVYVEHDIDGTHSDTSVLDFVFESGVGTKEAIKDKLIEFGFTDEMIAMPISALSGGWKMKLALARAVLRNADILLLDEPTNHLDTVNVAWLVNYLNTCGITSITISHDSVFLDNVCEYIINYEGLKLRKYKGNFTEFVKKCPAAKAYEELSNTDLEFKFPEPGYLEGVKTKQKAIVKVTNMEFQYPGTSKPQITDINFQCSLSSRIAVIGPNGAGKSTLINVLTGELLPTSGEVYTHENCRIAYIKQHAFAHIESHLDKTPSEYIQWRFQTGEDRETMDRANRQINENDAEAMNKIFKIEGTPRRIAGIHSRRKFKNTYEYECSFLLGENIGMKSERWVPMMSVDNAWIPRGELVESHSKMVAEVDMKEALASGQFRPLTRKEIEEHCSMLGLDPEIVSHSRIRGLSGGQKVKLVLAAGTWQRPHLIVLDEPTNYLDRDSLGALSKALKEFEGGVIIITHSAEFTKNLTEEVWAVKDGRMTPSGHNWVSGQGAGPRIEKKEDEEDKFDAMGNKIAGGKKKKKLSSAELRKKKKERMKKKKELGDAYVSSDEEF,SNFATIADPEAR,SNFATIADPEAR
S rerdci,MSDSQQSIKVLEELFQKLSVATADNRHEIASEVASFLNGNIIEHDVPEHFFGELAKGIKDKKTAANAMQAVAHIANQSNLSPSVEPYIVQLVPAICTNAGNKDKEIQSVASETLISIVNAVNPVAIKALLPHLTNAIVETNKWQEKIAILAAISAMVDAAKDQVALRMPELIPVLSETMWDTKKEVKAAATAAMTKATETVDNKDIERFIPSLIQCIADPTEVPETVHLLGATTFVAEVTPATLSIMVPLLSRGLNERETGIKRKSAVIIDNMCKLVEDPQVIAPFLGKLLPGLKSNFATIADPEAREVTLRALKTLRRVGNVGEDDAIPEVSHAGDVSTTLQVVNELLKDETVAPRFKIVVEYIAAIGADLIDERIIDQQAWFTHITPYMTIFLHEKKAKDILDEFRKRAVDNIPVGPNFDDEEDEGEDLCNCEFSLAYGAKILLNKTQLRLKRARRYGICGPNGCGKSTLMRAIANGQVDGFPTQEECRTVYVEHDIDGTHSDTSVLDFVFESGVGTKEAIKDKLIEFGFTDEMIAMPISALSGGWKMKLALARAVLRNADILLLDEPTNHLDTVNVAWLVNYLNTCGITSITISHDSVFLDNVCEYIINYEGLKLRKYKGNFTEFVKKCPAAKAYEELSNTDLEFKFPEPGYLEGVKTKQKAIVKVTNMEFQYPGTSKPQITDINFQCSLSSRIAVIGPNGAGKSTLINVLTGELLPTSGEVYTHENCRIAYIKQHAFAHIESHLDKTPSEYIQWRFQTGEDRETMDRANRQINENDAEAMNKIFKIEGTPRRIAGIHSRRKFKNTYEYECSFLLGENIGMKSERWVPMMSVDNAWIPRGELVESHSKMVAEVDMKEALASGQFRPLTRKEIEEHCSMLGLDPEIVSHSRIRGLSGGQKVKLVLAAGTWQRPHLIVLDEPTNYLDRDSLGALSKALKEFEGGVIIITHSAEFTKNLTEEVWAVKDGRMTPSGHNWVSGQGAGPRIEKKEDEEDKFDAMGNKIAGGKKKKKLSSAELRKKKKERMKKKKELGDAYVSSDEEF,FPEPGYLEGVK,FPEPGYLEGVK
YMR116C,MASNEVLVLRGTLEGHNGWVTSLATSAGQPNLLLSASRDKTLISWKLTGDDQKFGVPVRSFKGHSHIVQDCTLTADGAYALSASWDKTLRLWDVATGETYQRFVGHKSDVMSVDIDKKASMIISGSRDKTIKVWTIKGQCLATLLGHNDWVSQVRVVPNEKADDDSVTIISAGNDKMVKAWNLNQFQIEADFIGHNSNINTLTASPDGTLIASAGKDGEIMLWNLAAKKAMYTLSAQDEVFSLAFSPNRYWLAAATATGIKVFSLDPQYLVDDLRPEFAGYSKAAEPHAVSLAWSADGQTLFAGYTDNVIRVWQVMTAN,LWDVATGETYQR,LWDVATGETYQR
YDL055C,MKGLILVGGYGTRLRPLTLTVPKPLVEFGNRPMILHQIEALANAGVTDIVLAVNYRPEVMVETLKKYEKEYGVNITFSVETEPLGTAGPLKLAEDVLKKDNSPFFVLNSDVICEYPFKELADFHKAHGGKGTIVATKVDEPSKYGVIVHDIATPNLIDRFVEKPKEFVGNRINAGLYILNPEVIDLIEMKPTSIEKETFPILVEEKQLYSFDLEGFWMDVGQPKDFLSGTVLYLNSLAKRQPKKLATGANIVGNALIDPTAKISSTAKIGPDVVIGPNVTIGDGVRITRSVVLCNSTIKNHSLVKSTIVGWNSTVGQWCRLEGVTVLGDDVEVKDEIYINGGKVLPHKSISDNVPKEAIIM,ETFPILVEEK,ETFPILVEEK
YDL055C,MKGLILVGGYGTRLRPLTLTVPKPLVEFGNRPMILHQIEALANAGVTDIVLAVNYRPEVMVETLKKYEKEYGVNITFSVETEPLGTAGPLKLAEDVLKKDNSPFFVLNSDVICEYPFKELADFHKAHGGKGTIVATKVDEPSKYGVIVHDIATPNLIDRFVEKPKEFVGNRINAGLYILNPEVIDLIEMKPTSIEKETFPILVEEKQLYSFDLEGFWMDVGQPKDFLSGTVLYLNSLAKRQPKKLATGANIVGNALIDPTAKISSTAKIGPDVVIGPNVTIGDGVRITRSVVLCNSTIKNHSLVKSTIVGWNSTVGQWCRLEGVTVLGDDVEVKDEIYINGGKVLPHKSISDNVPKEAIIM,IGPDVVIGPNVTIGDGVR,IGPDVVIGPNVTIGDGVR
YHR174W,MAVSKVYARSVYDSRGNPTVEVELTTEKGVFRSIVPSGASTGVHEALEMRDEDKSKWMGKGVMNAVNNVNNVIAAAFVKANLDVKDQKAVDDFLLSLDGTANKSKLGANAILGVSMAAARAAAAEKNVPLYQHLADLSKSKTSPYVLPVPFLNVLNGGSHAGGALALQEFMIAPTGAKTFAEAMRIGSEVYHNLKSLTKKRYGASAGNVGDEGGVAPNIQTAEEALDLIVDAIKAAGHDGKVKIGLDCASSEFFKDGKYDLDFKNPESDKSKWLTGVELADMYHSLMKRYPIVSIEDPFAEDDWEAWSHFFKTAGIQIVADDLTVTNPARIATAIEKKAADALLLKVNQIGTLSESIKAAQDSFAANWGVMVSHRSGETEDTFIADLVVGLRTGQIKTGAPARSERLAKLNQLLRIEEELGDKAVYAGENFHHGDKL,AVDDFLLSLDGTANK,AVDDFLLSLDGTANK
YHR174W,MAVSKVYARSVYDSRGNPTVEVELTTEKGVFRSIVPSGASTGVHEALEMRDEDKSKWMGKGVMNAVNNVNNVIAAAFVKANLDVKDQKAVDDFLLSLDGTANKSKLGANAILGVSMAAARAAAAEKNVPLYQHLADLSKSKTSPYVLPVPFLNVLNGGSHAGGALALQEFMIAPTGAKTFAEAMRIGSEVYHNLKSLTKKRYGASAGNVGDEGGVAPNIQTAEEALDLIVDAIKAAGHDGKVKIGLDCASSEFFKDGKYDLDFKNPESDKSKWLTGVELADMYHSLMKRYPIVSIEDPFAEDDWEAWSHFFKTAGIQIVADDLTVTNPARIATAIEKKAADALLLKVNQIGTLSESIKAAQDSFAANWGVMVSHRSGETEDTFIADLVVGLRTGQIKTGAPARSERLAKLNQLLRIEEELGDKAVYAGENFHHGDKL,TAGIQIVADDLTVTNPAR,TAGIQIVADDLTVTNPAR
YKL152C,MPKLVLVRHGQSEWNEKNLFTGWVDVKLSAKGQQEAARAGELLKEKKVYPDVLYTSKLSRAIQTANIALEKADRLWIPVNRSWRLNERHYGDLQGKDKAETLKKFGEEKFNTYRRSFDVPPPPIDASSPFSQKGDERYKYVDPNVLPETESLALVIDRLLPYWQDVIAKDLLSGKTVMIAAHGNSLRGLVKHLEGISDADIAKLNIPTGIPLVFELDENLKPSKPSYYLDPEAAAAGAAAVANQGKK,NLFTGWVDVK,NLFTGWVDVK
YKL152C,MPKLVLVRHGQSEWNEKNLFTGWVDVKLSAKGQQEAARAGELLKEKKVYPDVLYTSKLSRAIQTANIALEKADRLWIPVNRSWRLNERHYGDLQGKDKAETLKKFGEEKFNTYRRSFDVPPPPIDASSPFSQKGDERYKYVDPNVLPETESLALVIDRLLPYWQDVIAKDLLSGKTVMIAAHGNSLRGLVKHLEGISDADIAKLNIPTGIPLVFELDENLKPSKPSYYLDPEAAAAGAAAVANQGKK,VYPDVLYTSK,VYPDVLYTSK
YKL152C,MPKLVLVRHGQSEWNEKNLFTGWVDVKLSAKGQQEAARAGELLKEKKVYPDVLYTSKLSRAIQTANIALEKADRLWIPVNRSWRLNERHYGDLQGKDKAETLKKFGEEKFNTYRRSFDVPPPPIDASSPFSQKGDERYKYVDPNVLPETESLALVIDRLLPYWQDVIAKDLLSGKTVMIAAHGNSLRGLVKHLEGISDADIAKLNIPTGIPLVFELDENLKPSKPSYYLDPEAAAAGAAAVANQGKK,YVDPNVLPETESLALVIDR,YVDPNVLPETESLALVIDR
YKL152C,MPKLVLVRHGQSEWNEKNLFTGWVDVKLSAKGQQEAARAGELLKEKKVYPDVLYTSKLSRAIQTANIALEKADRLWIPVNRSWRLNERHYGDLQGKDKAETLKKFGEEKFNTYRRSFDVPPPPIDASSPFSQKGDERYKYVDPNVLPETESLALVIDRLLPYWQDVIAKDLLSGKTVMIAAHGNSLRGLVKHLEGISDADIAKLNIPTGIPLVFELDENLKPSKPSYYLDPEAAAAGAAAVANQGKK,LLPYWQDVIAK,LLPYWQDVIAK
YOL086C,MSIPETQKGVIFYESHGKLEYKDIPVPKPKANELLINVKYSGVCHTDLHAWHGDWPLPVKLPLVGGHEGAGVVVGMGENVKGWKIGDYAGIKWLNGSCMACEYCELGNESNCPHADLSGYTHDGSFQQYATADAVQAAHIPQGTDLAQVAPILCAGITVYKALKSANLMAGHWVAISGAAGGLGSLAVQYAKAMGYRVLGIDGGEGKEELFRSIGGEVFIDFTKEKDIVGAVLKATDGGAHGVINVSVSEAAIEASTRYVRANGTTVLVGMPAGAKCCSDVFNQVVKSISIVGSYVGNRADTREALDFFARGLVKSPIKVVGLSTLPEIYEKMEKGQIVGRYVVDTSK,ANELLINVK,ANELLINVK
YOL086C,MSIPETQKGVIFYESHGKLEYKDIPVPKPKANELLINVKYSGVCHTDLHAWHGDWPLPVKLPLVGGHEGAGVVVGMGENVKGWKIGDYAGIKWLNGSCMACEYCELGNESNCPHADLSGYTHDGSFQQYATADAVQAAHIPQGTDLAQVAPILCAGITVYKALKSANLMAGHWVAISGAAGGLGSLAVQYAKAMGYRVLGIDGGEGKEELFRSIGGEVFIDFTKEKDIVGAVLKATDGGAHGVINVSVSEAAIEASTRYVRANGTTVLVGMPAGAKCCSDVFNQVVKSISIVGSYVGNRADTREALDFFARGLVKSPIKVVGLSTLPEIYEKMEKGQIVGRYVVDTSK,VVGLSTLPEIYEK,VVGLSTLPEIYEK
YLR044C,MSEITLGKYLFERLKQVNVNTVFGLPGDFNLSLLDKIYEVEGMRWAGNANELNAAYAADGYARIKGMSCIITTFGVGELSALNGIAGSYAEHVGVLHVVGVPSISAQAKQLLLHHTLGNGDFTVFHRMSANISETTAMITDIATAPAEIDRCIRTTYVTQRPVYLGLPANLVDLNVPAKLLQTPIDMSLKPNDAESEKEVIDTILALVKDAKNPVILADACCSRHDVKAETKKLIDLTQFPAFVTPMGKGSIDEQHPRYGGVYVGTLSKPEVKEAVESADLILSVGALLSDFNTGSFSYSYKTKNIVEFHSDHMKIRNATFPGVQMKFVLQKLLTTIADAAKGYKPVAVPARTPANAAVPASTPLKQEWMWNQLGNFLQEGDVVIAETGTSAFGINQTTFPNNTYGISQVLWGSIGFTTGATLGAAFAAEEIDPKKRVILFIGDGSLQLTVQEISTMIRWGLKPYLFVLNNDGYTIEKLIHGPKAQYNEIQGWDHLSLLPTFGAKDYETHRVATTGEWDKLTQDKSFNDNSKIRMIEIMLPVFDAPQNLVEQAKLTAATNAKQ,LLTTIADAAK,LLTTIADAAK
YOL127W,MAPSAKATAAKKAVVKGTNGKKALKVRTSATFRLPKTLKLARAPKYASKAVPHYNRLDSYKVIEQPITSETAMKKVEDGNILVFQVSMKANKYQIKKAVKELYEVDVLKVNTLVRPNGTKKAYVRLTADYDALDIANRIGYI,ELYEVDVLK,ELYEVDVLK
YJL052W,MIRIAINGFGRIGRLVLRLALQRKDIEVVAVNDPFISNDYAAYMVKYDSTHGRYKGTVSHDDKHIIIDGVKIATYQERDPANLPWGSLKIDVAVDSTGVFKELDTAQKHIDAGAKKVVITAPSSSAPMFVVGVNHTKYTPDKKIVSNASCTTNCLAPLAKVINDAFGIEEGLMTTVHSMTATQKTVDGPSHKDWRGGRTASGNIIPSSTGAAKAVGKVLPELQGKLTGMAFRVPTVDVSVVDLTVKLEKEATYDQIKKAVKAAAEGPMKGVLGYTEDAVVSSDFLGDTHASIFDASAGIQLSPKFVKLISWYDNEYGYSARVVDLIEYVAKA,VVDLIEYVAK,VVDLIEYVAK
YDR382W,MKYLAAYLLLVQGGNAAPSAADIKAVVESVGAEVDEARINELLSSLEGKGSLEEIIAEGQKKFATVPTGGASSAAAGAAGAAAGGDAAEEEKEEEAKEESDDDMGFGLFD,INELLSSLEGK,INELLSSLEGK
YNL178W,MVALISKKRKLVADGVFYAELNEFFTRELAEEGYSGVEVRVTPTKTEVIIRATRTQDVLGENGRRINELTLLVQKRFKYAPGTIVLYAERVQDRGLSAVAQAESMKFKLLNGLAIRRAAYGVVRYVMESGAKGCEVVVSGKLRAARAKAMKFADGFLIHSGQPVNDFIDTATRHVLMRQGVLGIKVKIMRDPAKSRTGPKALPDAVTIIEPKEEEPILAPSVKDYRPAEETEAQAEPVEA,EEEPILAPSVK,EEEPILAPSVK
YML028W,MVAQVQKQAPTFKKTAVVDGVFDEVSLDKYKGKYVVLAFIPLAFTFVCPTEIIAFSEAAKKFEEQGAQVLFASTDSEYSLLAWTNIPRKEGGLGPINIPLLADTNHSLSRDYGVLIEEEGVALRGLFIIDPKGVIRHITINDLPVGRNVDEALRLVEAFQWTDKNGTVLPCNWTPGAATIKPTVEDSKEYFEAANK,LVEAFQWTDK,LVEAFQWTDK
YGR254W,MAVSKVYARSVYDSRGNPTVEVELTTEKGVFRSIVPSGASTGVHEALEMRDGDKSKWMGKGVLHAVKNVNDVIAPAFVKANIDVKDQKAVDDFLISLDGTANKSKLGANAILGVSLAASRAAAAEKNVPLYKHLADLSKSKTSPYVLPVPFLNVLNGGSHAGGALALQEFMIAPTGAKTFAEALRIGSEVYHNLKSLTKKRYGASAGNVGDEGGVAPNIQTAEEALDLIVDAIKAAGHDGKIKIGLDCASSEFFKDGKYDLDFKNPNSDKSKWLTGPQLADLYHSLMKRYPIVSIEDPFAEDDWEAWSHFFKTAGIQIVADDLTVTNPKRIATAIEKKAADALLLKVNQIGTLSESIKAAQDSFAAGWGVMVSHRSGETEDTFIADLVVGLRTGQIKTGAPARSERLAKLNQLLRIEEELGDNAVFAGENFHHGDKL,NVNDVIAPAFVK,NVNDVIAPAFVK
YGR254W,MAVSKVYARSVYDSRGNPTVEVELTTEKGVFRSIVPSGASTGVHEALEMRDGDKSKWMGKGVLHAVKNVNDVIAPAFVKANIDVKDQKAVDDFLISLDGTANKSKLGANAILGVSLAASRAAAAEKNVPLYKHLADLSKSKTSPYVLPVPFLNVLNGGSHAGGALALQEFMIAPTGAKTFAEALRIGSEVYHNLKSLTKKRYGASAGNVGDEGGVAPNIQTAEEALDLIVDAIKAAGHDGKIKIGLDCASSEFFKDGKYDLDFKNPNSDKSKWLTGPQLADLYHSLMKRYPIVSIEDPFAEDDWEAWSHFFKTAGIQIVADDLTVTNPKRIATAIEKKAADALLLKVNQIGTLSESIKAAQDSFAAGWGVMVSHRSGETEDTFIADLVVGLRTGQIKTGAPARSERLAKLNQLLRIEEELGDNAVFAGENFHHGDKL,TAGIQIVADDLTVTNPK,TAGIQIVADDLTVTNPK
YOL039W,MKYLAAYLLLNAAGNTPDATKIKAILESVGIEIEDEKVSSVLSALEGKSVDELITEGNEKLAAVPAAGPASAGGAAAASGDAAAEEEKEEEAAEESDDDMGFGLFD,SVDELITEGNEK,SVDELITEGNEK
YBR011C,MTYTTRQIGAKNTLEYKVYIEKDGKPVSAFHDIPLYADKENNIFNMVVEIPRWTNAKLEITKEETLNPIIQDTKKGKLRFVRNCFPHHGYIHNYGAFPQTWEDPNVSHPETKAVGDNDPIDVLEIGETIAYTGQVKQVKALGIMALLDEGETDWKVIAIDINDPLAPKLNDIEDVEKYFPGLLRATNEWFRIYKIPDGKPENQFAFSGEAKNKKYALDIIKETHDSWKQLIAGKSSDSKGIDLTNVTLPDTPTYSKAASDAIPPASPKADAPIDKSIDKWFFISGSV,VIAIDINDPLAPK,VIAIDINDPLAPK
YGL103W,MPSRFTKTRKHRGHVSAGKGRIGKHRKHPGGRGMAGGQHHHRINMDKYHPGYFGKVGMRYFHKQQAHFWKPVLNLDKLWTLIPEDKRDQYLKSASKETAPVIDTLAAGYGKILGKGRIPNVPVIVKARFVSKLAEEKIRAAGGVVELIA,ETAPVIDTLAAGYGK,ETAPVIDTLAAGYGK
YBR196C,MSNNSFTNFKLATELPAWSKLQKIYESQGKTLSVKQEFQKDAKRFEKLNKTFTNYDGSKILFDYSKNLVNDEIIAALIELAKEANVTGLRDAMFKGEHINSTEDRAVYHVALRNRANKPMYVDGVNVAPEVDSVLKHMKEFSEQVRSGEWKGYTGKKITDVVNIGIGGSDLGPVMVTEALKHYAGVLDVHFVSNIDGTHIAETLKVVDPETTLFLIASKTFTTAETITNANTAKNWFLSKTGNDPSHIAKHFAALSTNETEVAKFGIDTKNMFGFESWVGGRYSVWSAIGLSVALYIGYDNFEAFLKGAEAVDNHFTQTPLEDNIPLLGGLLSVWYNNFFGAQTHLVAPFDQYLHRFPAYLQQLSMESNGKSVTRGNVFTDYSTGSILFGEPATNAQHSFFQLVHQGTKLIPSDFILAAQSHNPIENKLHQKMLASNFFAQAEALMVGKDEEQVKAEGATGGLVPHKVFSGNRPTTSILAQKITPATLGALIAYYEHVTFTEGAIWNINSFDQWGVELGKVLAKVIGKELDNSSTISTHDASTNGLINQFKEWM,VVDPETTLFLIASK,VVDPETTLFLIASK
YOR096W,MSAPQAKILSQAPTELELQVAQAFVELENSSPELKAELRPLQFKSIREIDVAGGKKALAIFVPVPSLAGFHKVQTKLTRELEKKFQDRHVIFLAERRILPKPSRTSRQVQKRPRSRTLTAVHDKILEDLVFPTEIVGKRVRYLVGGNKIQKVLLDSKDVQQIDYKLESFQAVYNKLTGKQIVFEIPSETH,ILEDLVFPTEIVGK,ILEDLVFPTEIVGK
YER043C,MSAPAQNYKIADISLAAFGRKEIELAEHEMPGLMAIRKAYGDVQPLKGARIAGCLHMTIQTAVLIETLVALGAEVTWSSCNIYSTQDHAAAAIAASGVPVFAWKGETEEEYLWCIEQQLFAFKDNKKLNLILDDGGDLTTLVHEKHPEMLEDCFGLSEETTTGVHHLYRMVKEGKLKVPAINVNDSVTKSKFDNLYGCRESLVDGIKRATDVMLAGKVAVVAGYGDVGKGCAAALRGMGARVLVTEIDPINALQAAMEGYQVVTMEDASHIGQVFVTTTGCRDIINGEHFINMPEDAIVCNIGHFDIEIDVAWLKANAKECINIKPQVDRYLLSSGRHVILLANGRLVNLGCATGHSSFVMSCSFSNQVLAQIALFKSNDKSFREKHIEFQKTGPFEVGVHVLPKILDEAVAKFHLGNLGVRLTKLSKVQSEYLGIPEEGPFKADHYRY,VQSEYLGIPEEGPFK,VQSEYLGIPEEGPFK
YKL035W,MSTKKHTKTHSTYAFESNTNSVAASQMRNALNKLADSSKLDDAARAKFENELDSFFTLFRRYLVEKSSRTTLEWDKIKSPNPDEVVKYEIISQQPENVSNLSKLAVLKLNGGLGTSMGCVGPKSVIEVREGNTFLDLSVRQIEYLNRQYDSDVPLLLMNSFNTDKDTEHLIKKYSANRIRIRSFNQSRFPRVYKDSLLPVPTEYDSPLDAWYPPGHGDLFESLHVSGELDALIAQGREILFVSNGDNLGATVDLKILNHMIETGAEYIMELTDKTRADVKGGTLISYDGQVRLLEVAQVPKEHIDEFKNIRKFTNFNTNNLWINLKAVKRLIESSNLEMEIIPNQKTITRDGHEINVLQLETACGAAIRHFDGAHGVVVPRSRFLPVKTCSDLLLVKSDLFRLEHGSLKLDPSRFGPNPLIKLGSHFKKVSGFNARIPHIPKIVELDHLTITGNVFLGKDVTLRGTVIIVCSDGHKIDIPNGSILENVVVTGNLQILEH,YEIISQQPENVSNLSK,YEIISQQPENVSNLSK
